Date,Actual,Linear Regression,ARIMA
2021-01-06,153.5299988,153.69694559058428,153.29894165417346
2021-01-08,152.8500061,152.91182826519747,153.47378905453576
2021-01-11,153.3899994,153.0210076283741,152.84039193877783
2021-01-12,151.75,151.08190373247044,153.40541392389355
2021-01-13,150.6499939,150.3762503020617,151.7582189869217
2021-01-14,151.3399963,151.92441662307488,150.62411736342057
2021-01-15,148.4100037,148.15189798690733,151.31340430437763
2021-01-19,148.1300049,147.97395150885603,148.44487693360614
2021-01-20,149.9799957,149.3589285003389,148.15981113817028
2021-01-21,151.3399963,151.81579087174856,149.97645749123927
2021-01-22,147.9499969,148.09345900125788,151.41663274757454
2021-01-25,146.7200012,146.04376520205017,148.16167777761302
2021-01-26,145.9799957,146.08313697800497,146.61512794902876
2021-01-27,142.6399994,143.12669688970482,145.80375724423234
2021-01-28,143.3000031,143.41027738847697,142.63818182794216
2021-01-29,140.5200043,140.67164158364034,143.38843562060143
2021-02-03,148.0700073,147.97785974600447,140.59805865900364
2021-02-04,148.0200043,148.23313163781359,148.0779607149444
2021-02-05,150.8600006,150.42352574245905,148.345339812063
2021-02-08,152.9299927,152.74762509555677,150.94013331639502
2021-02-09,154.0,153.799501370386,152.95571293205128
2021-02-10,161.5599976,161.58670019552397,153.71953419109855
2021-02-11,158.9400024,159.5215082761619,161.50977933509182
2021-02-12,160.4900055,160.9624367917591,158.98433196757088
2021-02-16,156.4799957,157.3543578474754,160.35122982940484
2021-02-17,156.5299988,156.0704450255385,156.2946816078196
2021-02-18,153.4499969,153.05865806735312,156.1367049019029
2021-02-19,153.5500031,153.7028027835322,153.5204213696655
2021-02-22,152.4400024,152.8341044812418,153.48504200476256
2021-02-23,152.7299957,151.660026259245,152.6106410679223
2021-02-24,152.4499969,152.33311060289338,152.76761740656164
2021-02-25,149.2599945,149.59300812796914,152.59313246479581
2021-02-26,147.9299927,147.9488716267213,149.28956416007665
2021-03-01,149.3399963,149.2733259082147,147.89259176297784
2021-03-02,149.2100067,149.49323495972698,149.26439024495792
2021-03-03,148.8300018,149.2176033275872,149.32445299849013
2021-03-04,146.8500061,146.96058893821447,149.02064724359218
2021-03-05,148.5200043,147.2927961556881,146.8777905116568
2021-03-08,148.2299957,149.6080974122675,148.39215201232162
2021-03-09,151.5399933,151.90253974972035,148.27541523186278
2021-03-10,151.8800049,151.36502958356516,151.59441258988304
2021-03-11,150.3600006,150.24383340686148,152.0212706282457
2021-03-12,150.5299988,150.36921806956673,150.3307360405158
2021-03-15,152.8999939,152.99921115406545,150.42847600294522
2021-03-16,152.1000061,152.29945207356286,152.7177907969794
2021-03-17,153.6399994,153.40464593487258,152.18816482883184
2021-03-18,157.7100067,158.81654663757882,153.69856137441857
2021-03-19,158.5800018,157.70792127083098,157.6650227674907
2021-03-23,151.3399963,151.70319159209987,158.6058486252778
2021-03-24,150.6699982,150.88037792062278,151.43117853000632
2021-03-26,153.3699951,152.67956525898785,150.31720710080464
2021-03-30,153.8699951,154.2549251859603,153.06893884882828
2021-03-31,156.0599976,156.12360317094692,154.06070210510703
2021-04-01,154.1600037,153.69847947102232,156.44289497726285
2021-04-05,155.3800049,155.21489958571476,154.20170667993355
2021-04-06,153.6499939,153.9982427042895,155.20190821253075
2021-04-07,154.6999969,155.33755942317566,153.60153077697348
2021-04-08,153.3800049,153.5876125250913,154.59847815575748
2021-04-09,154.2799988,153.9716216726801,153.46198644708775
2021-04-12,154.0899963,154.19030035997372,154.23078135766522
2021-04-14,156.2200012,156.46923025491333,154.1621221429726
2021-04-15,157.3099976,156.9875930289184,156.19347163532305
2021-04-16,157.5700073,157.3745667539772,157.40319657456635
2021-04-19,156.4100037,156.53351484387775,157.57771160318364
2021-04-20,154.1000061,153.4930050877872,156.39118883327404
2021-04-21,155.1399994,155.140208050612,153.95528175686715
2021-04-22,154.7799988,154.78603838646984,155.0057688850768
2021-04-23,154.9900055,155.19742170132434,154.80539674911645
2021-04-26,153.5399933,153.72485313403917,155.09546071250844
2021-04-27,152.8099976,152.82767116198823,153.63433481211754
2021-04-28,153.2599945,153.4143426469252,152.73468867607647
2021-04-29,152.4299927,152.43389251957666,153.23853462725486
2021-04-30,150.7700043,151.1493547649893,152.4632920478172
2021-05-03,152.2299957,152.3860414929444,150.84359477928686
2021-05-04,150.5899963,150.7099936098988,152.19579292069056
2021-05-05,151.4199982,151.55029224012753,150.62122254427265
2021-05-06,152.9600067,152.31260896971435,151.4608563792612
2021-05-07,153.6499939,153.4197861750298,153.00727979022022
2021-05-10,155.0599976,155.1945630565193,153.6642793934417
2021-05-11,152.2400055,151.60098284936788,155.1434161031578
2021-05-12,153.5200043,153.98258314500669,152.22192844264111
2021-05-13,155.2299957,154.54480871294936,153.3606654970014
2021-05-14,155.8500061,156.15118958883056,155.1694055738443
2021-05-17,158.6799927,158.5377528372145,155.90230001460816
2021-05-18,160.6600037,161.50043426854904,158.80198373372488
2021-05-19,159.2899933,158.9899354414154,160.63363043589894
2021-05-20,160.2200012,160.22861988942736,159.27799256663022
2021-05-21,161.1600037,160.80550789565024,160.10060864570698
2021-05-24,162.7799988,162.77551633188676,160.99104393969972
2021-05-25,162.2400055,162.6521069818981,162.74394860102865
2021-05-26,164.0200043,164.04148223495832,162.3374044935597
2021-05-27,165.5500031,166.0876330361421,163.94520371785904
2021-05-28,165.9799957,166.25385422998556,165.5057402637352
2021-06-01,172.3399963,172.1749874936956,165.9701134025425
2021-06-02,176.6300049,176.43271668255147,172.32071201829075
2021-06-03,179.6699982,179.33411054765543,176.66838633053115
2021-06-04,182.4100037,181.97395776767365,179.74289589320276
2021-06-07,180.8000031,180.83886899330759,182.3493291988546
2021-06-08,179.6100006,179.89563707021136,180.5078524179726
2021-06-09,180.5399933,180.51073165692839,179.32163400054944
2021-06-10,180.1799927,180.1649768606269,180.28415185201533
2021-06-11,181.4700012,181.13813212887544,180.10480513752395
2021-06-15,182.4499969,182.12587473759197,181.5653441746542
2021-06-16,183.8399963,184.0825031215519,182.51263976655136
2021-06-17,185.1999969,184.58160338137196,183.83536706231467
2021-06-21,178.8800049,178.53937603661205,185.22716153455892
2021-06-22,179.3899994,179.17787741635237,178.8728564633013
2021-06-23,177.7100067,177.69605693747923,179.14887513469893
2021-06-24,177.6699982,177.77745130970055,177.58308987866468
2021-06-25,178.1000061,178.47154359413344,177.7093948230945
2021-06-28,177.0700073,177.12564701153758,178.36988468230192
2021-06-29,176.7299957,177.15011275883796,177.1003784316943
2021-06-30,174.8399963,175.47027174966388,176.7871872683171
2021-07-01,175.4799957,175.12914856393616,174.8227464424704
2021-07-02,176.0299988,176.34281117320825,175.4263464262978
2021-07-06,174.9299927,174.4887517473643,176.08599114786102
2021-07-07,175.6499939,174.98524878123533,175.01439427124424
2021-07-08,174.2299957,174.22466906784695,175.69589402083582
2021-07-09,177.7899933,178.48785539731455,174.20407885802416
2021-07-12,178.8999939,178.52413247978785,177.74079371285046
2021-07-13,179.1799927,178.89144669556674,179.01571975757395
2021-07-14,180.0,180.27294018848556,179.23648599343056
2021-07-15,178.9299927,178.86634656077734,179.99839769466388
2021-07-16,178.1300049,177.9223108612893,178.76584713768295
2021-07-19,176.3000031,175.0420841246039,178.05232071314046
2021-07-20,178.1199951,177.63807991348403,176.2456140008918
2021-07-21,179.6799927,179.5469692837367,178.04153678761404
2021-07-22,177.9900055,178.6876543074339,179.77652818467612
2021-07-23,179.8500061,179.81242483243705,178.13440235215316
2021-07-26,179.5,179.372548643146,179.85316095760035
2021-07-27,178.4400024,178.0897861500648,179.41670849998948
2021-07-28,179.8699951,179.73851196384493,178.4154412875595
2021-07-29,181.4199982,181.38123123565407,179.86911068749828
2021-08-02,181.8800049,181.96727568601187,181.363660064775
2021-08-03,185.9499969,185.13245265294142,181.97257084663505
2021-08-04,182.1799927,182.4661086561319,185.97436911157166
2021-08-05,182.8600006,182.95528940850363,182.20801493664155
2021-08-06,180.7200012,180.63887170084212,182.70392961718403
2021-08-09,180.5700073,180.71712017656301,180.60223048486245
2021-08-10,179.8999939,179.06170342167434,180.41241485070245
2021-08-11,181.3800049,180.86058422637439,180.04376956945902
2021-08-12,180.9400024,180.49821904030836,181.37101504999873
2021-08-13,181.3399963,181.01773437125536,181.08115299203547
2021-08-16,180.6000061,179.19454444426486,181.3607516645329
2021-08-18,175.7299957,176.47168498179008,180.6082481548804
2021-08-19,168.5500031,169.45353731732155,175.67489110468262
2021-08-23,168.7400055,168.10646345907833,168.4548833646042
2021-08-24,171.0200043,171.04259589004653,168.5024321658999
2021-08-25,173.75,173.5144111641975,171.10326809145664
2021-08-26,171.5899963,171.9921472170514,174.19592236371253
2021-08-27,173.8800049,173.4699435549852,172.0267624729829
2021-08-30,172.8600006,172.83058298206043,173.77213376143735
2021-08-31,174.2299957,174.70092760184633,172.7389988069412
2021-09-01,176.2100067,176.53085376526877,174.13555374789604
2021-09-02,176.2400055,176.1369213409409,176.27962423088957
2021-09-03,179.2700043,178.4572499058799,176.22017810310345
2021-09-07,181.6399994,181.3307510018534,179.29026655868225
2021-09-08,180.0,179.84556410707455,181.60210221733328
2021-09-09,180.0700073,180.62861540308035,180.0022089975699
2021-09-10,176.3000031,177.5432078159193,179.97350131318834
2021-09-13,178.4600067,178.18964509982322,176.10788688689132
2021-09-14,179.3899994,179.62170377505788,178.27431212432913
2021-09-15,181.7100067,181.40218889305356,179.48972331300394
2021-09-16,181.9400024,181.63692573596342,181.8257636127222
2021-09-17,180.9499969,181.01076268110432,182.13799767956664
2021-09-20,176.7100067,176.10401843541774,180.8562476188907
2021-09-21,181.8999939,181.92043539219532,176.60660555416652
2021-09-22,181.5899963,181.95399007225166,181.63899393678017
2021-09-23,182.7899933,182.47477484189034,181.7098126771953
2021-09-24,182.5700073,182.6149357157874,182.96243694174058
2021-09-27,186.5200043,186.4208324720384,182.68214996255284
2021-09-28,184.8500061,184.94625722930704,186.26854430955476
2021-09-29,185.4499969,185.9911186347651,184.95009132240958
2021-09-30,177.75,179.2779133161048,185.38250407951352
2021-10-01,177.6199951,177.02233043392033,177.70653623919833
2021-10-04,171.8099976,172.63124683137204,177.2680131059403
2021-10-05,172.1399994,172.14235189817038,171.83451596660544
2021-10-06,166.9700012,166.4203303865621,172.1277802976319
2021-10-07,169.4700012,169.41081988348697,167.32086208069387
2021-10-08,171.9700012,172.06199303925416,169.46044961464057
2021-10-11,175.1499939,176.1649855977824,172.2514563675784
2021-10-12,177.1300049,176.57780517784897,175.32723637198816
2021-10-13,175.7700043,175.45682757746545,177.414693398097
2021-10-14,175.5099945,175.28235323814226,175.6804192344642
2021-10-15,176.2700043,175.7308634874857,175.29939054033827
2021-10-18,178.5500031,178.62018170103454,176.053051960527
2021-10-19,178.6699982,178.31903836610974,178.49623207979596
2021-10-20,177.75,177.4878894726857,178.80777640574885
2021-10-21,174.0200043,174.7924497048752,177.7707194823346
2021-10-22,173.3999939,173.68502601818233,173.92429759129126
2021-10-25,172.2299957,172.14227854736822,173.18349889312316
2021-10-26,173.1999969,173.9492365812307,172.2033901830158
2021-10-27,174.0899963,174.60948496064714,173.2878028769927
2021-10-28,176.4799957,176.21599661024152,174.29314596932548
2021-10-29,176.5700073,176.16258788027022,176.55761495567967
2021-11-01,179.9799957,179.57800647610958,176.67479566658787
2021-11-02,179.6100006,178.38811912097657,179.92064883167558
2021-11-03,181.0700073,180.5352966973025,179.6082726032682
2021-11-04,181.4799957,181.65633981839318,180.96640265102127
2021-11-05,179.2799988,179.40270753859556,181.43242743780195
2021-11-08,180.4799957,180.06600949603046,179.16031381486536
2021-11-09,176.3200073,176.5879583149861,180.40220191733806
2021-11-10,177.3600006,178.3705351863601,176.27480663277632
2021-11-11,179.0299988,178.93370245141926,177.2831749722278
2021-11-12,184.3999939,183.8566722112065,179.0933459531149
2021-11-15,184.3899994,184.86877371384873,184.46890580243456
2021-11-16,187.4299927,187.84487611276802,184.7220802752042
2021-11-18,184.6499939,184.51772901037572,187.3726202561069
2021-11-19,185.9600067,186.01524127814469,184.54289770204272
2021-11-22,185.0899963,185.25574453404812,185.65020591136988
2021-11-23,185.0599976,184.8171506178694,185.0375968067893
2021-11-26,179.8300018,179.6689331466199,184.96743102272762
2021-12-01,178.2899933,180.54228153698153,179.94634970648002
2021-12-02,183.1600037,182.60416781911943,178.11249621961764
2021-12-03,182.4600067,182.6550336988281,183.09581401674538
2021-12-06,184.5899963,184.01625768090332,182.7043089671891
2021-12-07,187.4400024,187.1570912816676,184.8832924112068
2021-12-08,182.4799957,182.31750133132766,187.44062627626278
2021-12-09,180.7700043,180.45186808927582,182.38295927556118
2021-12-10,182.3500061,181.24312044429968,180.65008988271603
2021-12-13,176.1199951,176.38826241362807,182.09031782164664
2021-12-15,186.75,185.8778280978678,176.155799340192
2021-12-16,187.3399963,188.19611697901888,186.8197995649121
2021-12-17,184.0399933,184.50442412573267,187.62015549150064
2021-12-20,181.9499969,181.02101578580914,184.22540133791637
2021-12-21,182.8200073,183.0155513190452,181.9245448483357
2021-12-22,181.3600006,181.2205082601231,182.21735250118567
2021-12-23,183.7799988,183.91378101968598,181.42092508703448
2021-12-27,185.8999939,185.7862969419911,183.94034298110597
2021-12-28,184.75,185.3539315293459,186.02321679870053
2021-12-29,183.6799927,183.51233968617856,184.82483016280722
2021-12-30,184.0800018,184.21792157253378,183.6841074388755
2021-12-31,185.3000031,185.69722984586872,183.8769798950522
2022-01-03,186.2899933,186.1468380220008,185.22311435378455
2022-01-04,199.1900024,199.1523540042416,186.40084566812817
2022-01-05,196.9499969,198.92094682585315,199.21119042548824
2022-01-06,199.75,197.61048623104597,197.27180444331978
2022-01-07,200.4400024,200.31531914274717,199.70142951504332
2022-01-10,200.3500061,198.75593837048848,200.1523333587118
2022-01-11,201.8999939,200.57578753887265,199.83458054254675
2022-01-12,206.6100006,206.84385126047653,201.93781291060813
2022-01-13,211.3699951,212.70671698083316,206.48265636974475
2022-01-14,210.6900024,210.04319383487348,211.4591381563306
2022-01-18,207.4700012,208.04130326883512,210.82944402309502
2022-01-21,199.7700043,200.125359546546,207.32332314163216
2022-01-24,197.6999969,195.6416105353934,199.37953118821946
2022-01-25,197.0099945,196.32750696724327,197.26457676592372
2022-01-26,194.1699982,194.51000024301806,197.00003516116843
2022-01-28,193.1300049,190.37647219677103,194.47544916217916
2022-01-31,198.4499969,197.3757823912859,193.46258893464514
2022-02-01,196.4299927,196.01724848101367,198.48862061504167
2022-02-02,199.6600037,198.94827681956536,196.6727676904254
2022-02-03,199.5299988,200.60716765859246,199.7919706702373
2022-02-04,196.8800049,195.86063382599355,199.52903621931665
2022-02-07,197.2400055,197.1891994557788,196.70973440424294
2022-02-08,200.3200073,199.1548846184004,197.18656796205323
2022-02-09,201.3699951,202.32466099273336,200.14519158310426
2022-02-10,194.4100037,196.27249822873807,201.51892260455347
2022-02-11,192.7100067,194.0150961142931,194.6111434964276
2022-02-14,188.9700012,188.84558891182337,192.449224907581
2022-02-16,190.3000031,190.08060915176605,188.7142526818642
2022-02-17,186.5399933,187.07778900770052,190.2886660146417
2022-02-18,188.9700012,188.22351680865137,186.92973785374622
2022-02-22,185.6399994,185.49623166581188,189.03384812747046
2022-02-23,183.8399963,185.51924650554128,185.83616300633236
2022-02-24,182.2299957,181.13976256157093,183.80064445367051
2022-02-25,185.3800049,184.87849980049197,182.28278171181037
2022-02-28,182.9499969,182.78915688998575,185.26936614755357
2022-03-01,181.7100067,182.71194094024634,183.23167932159427
2022-03-02,179.1499939,179.1858232570832,181.7969070290591
2022-03-03,176.0899963,176.0106811108069,179.11155853097952
2022-03-04,170.75,169.7877764285857,175.93090018449803
2022-03-07,160.1699982,161.78273451673203,170.81266361464162
2022-03-08,156.3399963,156.9966285063815,160.16386392770406
2022-03-10,164.4299927,163.357498931002,156.2167941089648
2022-03-14,161.0899963,161.8316399975538,164.47089439943113
2022-03-15,165.9299927,165.41827993845908,161.7881134695002
2022-03-16,171.8899994,170.759049321798,166.47071538852018
2022-03-17,171.7400055,170.61241962524588,171.96330847407972
2022-03-21,171.8000031,172.24431081870466,171.63691802700833
2022-03-22,172.8200073,172.9695065308946,171.89078140074938
2022-03-23,175.7799988,177.41085154386258,172.45085666329268
2022-03-24,180.2700043,179.49316180514404,175.51734173751564
2022-03-25,178.4299927,178.68356143591205,180.3446486307485
2022-03-29,184.8099976,185.5155929336026,178.5580526490239
2022-03-30,180.6199951,181.07570267383585,184.65232452665327
2022-03-31,180.25,181.09783757769816,180.55434586853684
2022-04-01,180.3699951,179.6744187198194,180.0199507609906
2022-04-04,182.5800018,182.25256907141073,180.26584383022694
2022-04-05,177.6600037,178.7899385555889,182.3655099151073
2022-04-06,176.5200043,176.8257150996377,177.94899548399368
2022-04-07,174.4900055,174.09069120170096,176.4239704046974
2022-04-08,170.7799988,171.29999283944494,174.37160626101732
2022-04-11,169.6399994,170.42475576222603,170.74045001657416
2022-04-12,165.7299957,166.5998787760915,169.7859601784051
2022-04-13,168.4400024,168.4045278188463,165.78642698452128
2022-04-14,167.2599945,168.68392446517964,168.49332124687265
2022-04-18,170.2700043,170.45748279626542,167.5082769560324
2022-04-19,171.4499969,171.08619619140603,170.3901332946173
2022-04-20,175.4499969,176.108029854447,171.6393813355203
2022-04-21,173.6699982,174.81712825063954,175.3880804631293
2022-04-22,169.5299988,170.33569377410754,173.7828700115469
2022-04-25,172.1600037,171.40728721362797,169.36334302885965
2022-04-26,166.8200073,168.45609772721917,171.8739479691597
2022-04-27,168.0399933,169.3810564554111,166.73346940125379
2022-04-28,172.9700012,172.10643911698895,168.0897545589025
2022-04-29,171.0,172.8163694606563,173.07299714994332
2022-05-02,170.6900024,169.42131661435423,171.1510013058412
2022-05-03,172.0599976,172.29637251405353,170.90193854074096
2022-05-05,169.9299927,170.50897594925033,171.85887353966072
2022-05-06,173.3000031,172.89750448045214,169.78665757578187
2022-05-09,168.4700012,169.6173753437846,173.33842813372814
2022-05-10,166.4499969,166.93931461774406,168.54883502988784
2022-05-11,157.0599976,158.98387104554052,166.33922123312496
2022-05-12,158.5399933,159.00857167144505,157.03048593025383
2022-05-13,161.3300018,161.43741620953352,158.2134652547799
2022-05-16,159.2100067,158.84114602318533,161.5557503776521
2022-05-17,159.9799957,159.8368906269755,159.6179004941372
2022-05-18,155.4799957,156.44656523332657,160.35082200260752
2022-05-19,155.8899994,156.72492961336758,155.3697390643937
2022-05-23,161.3500061,161.6993393376627,155.68906986326203
2022-05-24,160.6000061,160.43954925571796,161.382805733238
2022-05-25,161.0299988,161.40322686085256,160.82194706708628
2022-05-26,165.5299988,165.43710085629965,161.25508242886616
2022-05-27,166.8300018,166.4290160274611,165.37116453260182
2022-05-31,166.3699951,165.99295113493207,166.70964916078162
2022-06-01,168.6999969,168.26100609138865,166.46951662882543
2022-06-02,170.2400055,169.4028638039817,168.5643007927813
2022-06-03,164.8099976,164.69092853102268,170.05064948402145
2022-06-06,165.5800018,165.98298313626907,164.84400921096216
2022-06-07,166.25,165.9789223181599,165.40978633110126
2022-06-09,164.5099945,165.69674265984435,166.0785301342079
2022-06-10,161.3000031,161.9983867319413,164.59400161296247
2022-06-13,155.5,155.96780137367142,161.51090277853373
2022-06-14,155.1600037,155.06339457757747,155.37248975409378
2022-06-15,156.75,156.3790206813921,154.9859855900174
2022-06-16,154.4600067,154.58349669479026,156.84225505469166
2022-06-17,153.9499969,153.13731784610513,154.79505127108854
2022-06-21,159.0899963,159.14044500922,154.18441771848848
2022-06-22,159.1399994,159.34330277667914,159.01438125245662
2022-06-23,157.5200043,157.3306296625757,159.25285012159475
2022-06-24,159.0800018,158.4091734591682,157.69009725528102
2022-06-27,156.5299988,156.9311452746672,158.93568069416872
2022-06-29,155.6699982,155.57759485620483,156.32679631089755
2022-06-30,154.1699982,153.52640135685607,155.65195094768666
2022-07-01,155.4700012,154.96478414864083,154.17316682289027
2022-07-05,154.6699982,153.98717578822135,155.40134082537165
2022-07-06,152.8300018,152.56498379502972,154.83671955021896
2022-07-07,157.1499939,156.66767589332653,152.90193406846174
2022-07-08,156.7599945,156.97279526787048,157.11535435841424
2022-07-11,155.1699982,155.4952469503625,156.82119148162244
2022-07-12,155.4299927,155.97171042059574,155.28151118889343
2022-07-13,155.4400024,155.45581490178398,155.37021130211264
2022-07-14,153.1399994,152.83129066220204,155.23917892793887
2022-07-15,156.6999969,156.06195632076077,153.20740769269838
2022-07-18,156.75,157.44544553693686,156.69089327403606
2022-07-19,160.4199982,159.95204342049902,156.8153511983009
2022-07-20,157.8999939,158.10057639275186,160.486383723931
2022-07-21,159.1799927,158.91348746492469,158.03820695555518
2022-07-22,160.3000031,160.4204637084739,158.96655403561323
2022-07-25,159.4199982,159.21035093882176,160.22283675733502
2022-07-26,158.0599976,158.38188876470332,159.3493531436925
2022-07-29,162.5899963,161.74916852536404,158.14075665260677
2022-08-01,166.7700043,166.72434605951503,162.43977177913936
2022-08-02,163.6600037,164.44799190362573,166.8309608637058
2022-08-03,163.1300049,162.52750681103305,163.89695114413996
2022-08-04,156.6600037,157.55256783438682,163.0421080452169
2022-08-05,157.3099976,156.96582402072698,156.33925193582894
2022-08-08,156.1999969,156.54407891890372,157.00098187243654
2022-08-09,152.9400024,153.98734013742137,156.3288339625851
2022-08-10,157.8899994,157.2632051879915,153.102881133228
2022-08-11,158.6000061,159.11386121521662,158.06088063171683
2022-08-12,161.3099976,160.70097367356306,158.69969963807145
2022-08-15,160.4600067,159.84295454063357,161.48474091623038
2022-08-16,159.4199982,159.27944037902444,160.58354205068545
2022-08-17,160.7700043,161.14016116990365,159.17367096390808
2022-08-18,159.1300049,159.20356883201657,160.63320607982442
2022-08-19,156.4600067,156.80112819064357,159.05709874519
2022-08-22,154.3200073,154.7013124775438,156.5021545989075
2022-08-23,153.4799957,154.76156957432283,154.26164557869757
2022-08-24,154.5,154.6406466305952,153.37770195655116
2022-08-25,156.0,155.44681218849962,154.59385800888634
2022-08-26,151.7700043,152.9978933091694,156.18933454675945
2022-08-29,151.7700043,152.19218220116772,151.95801061035922
2022-08-30,150.1699982,150.54873964977384,151.68345905873656
2022-08-31,149.3699951,150.06356117015332,150.06011810150508
2022-09-01,146.8000031,146.3992117338517,149.35624231967955
2022-09-02,145.5599976,146.04894948886522,146.97619125616367
2022-09-06,143.9400024,144.0406860980397,145.5257835229611
2022-09-07,143.3399963,142.46409188810503,143.986379720507
2022-09-08,144.1300049,143.81291770672374,143.385195755065
2022-09-09,145.5899963,145.43675503114923,144.24672930367413
2022-09-12,145.0399933,145.62659795602457,145.6958047711961
2022-09-13,140.2299957,141.23054622770735,145.17874622168648
2022-09-14,141.4700012,141.9497684748349,140.25836400347154
2022-09-15,140.4499969,141.45285350010386,141.258523632763
2022-09-16,140.7400055,140.96695986196312,140.39279278284178
2022-09-19,141.4499969,141.26533338663273,140.85733256348047
2022-09-20,140.7299957,141.04316186131757,141.64498775803514
2022-09-21,137.5800018,138.52649214758782,140.71971310596777
2022-09-22,139.0500031,139.50077404834553,137.6215985557914
2022-09-23,137.2799988,136.37457144128075,138.92204864691482
2022-09-26,135.6199951,136.41113979293527,137.28515639854044
2022-09-27,135.7400055,135.7108038846264,135.69737312092164
2022-09-28,136.8899994,136.58473326064768,135.79487817694167
2022-09-29,133.7599945,133.3326722150428,136.84589605802503
2022-09-30,130.2899933,131.46157395240795,133.92764736935783
2022-10-03,135.5899963,135.5265482067485,130.30516189030948
2022-10-04,139.8500061,139.74089381606456,135.41474937029844
2022-10-05,138.0899963,137.48441852988117,139.9645531302623
2022-10-06,136.1699982,136.71623607205441,138.4839786654467
2022-10-07,135.8500061,135.94223637810575,136.2075039923578
2022-10-10,134.8600006,134.70166849618283,135.43711809271113
2022-10-11,135.0599976,136.27453179654202,134.67938590244978
2022-10-12,135.0,135.75824800271084,135.15667367138664
2022-10-13,136.3800049,135.51596504039583,135.0955857317783
2022-10-14,134.1100006,134.7320941085299,136.4117073882743
2022-10-17,136.1600037,136.59740010814,134.19918648110797
2022-10-18,134.2599945,133.86225780596567,136.09240277591337
2022-10-19,132.9700012,132.7688800498446,134.27683546194186
2022-10-20,133.2400055,133.9575302839575,132.92765581837375
2022-10-21,133.7599945,133.20778554711995,133.24839243052557
2022-10-24,134.7400055,134.4424126444634,133.70137391512165
2022-10-25,137.0700073,137.4085934421019,134.87124932084186
2022-10-26,137.9299927,138.4223049156227,137.14527251304023
2022-10-27,136.4700012,137.1319499040361,137.97284944431766
2022-10-28,139.5200043,139.2518153820193,136.47177888410522
2022-11-01,135.1600037,135.5022855926846,139.37416606634042
2022-11-03,135.25,135.3698770506685,135.12063124603787
2022-11-07,137.2599945,136.724290333383,135.1487823038597
2022-11-08,137.5,137.87220639595944,137.2170442490239
2022-11-09,134.5299988,134.73253080037807,137.51036975205696
2022-11-10,140.5200043,139.91997754256124,134.76967307494246
2022-11-11,143.2599945,142.71624807049216,140.36442067947308
2022-11-14,142.1199951,142.74141525408265,143.2862244525703
2022-11-15,143.75,143.6661820548049,142.30503891978205
2022-11-16,142.1199951,142.2727133881761,143.73689898070418
2022-11-17,142.9299927,142.50772029254136,141.8167455424498
2022-11-18,143.1900024,143.09433970570132,142.7922089604561
2022-11-21,142.1600037,142.30554431673818,143.21403022111053
2022-11-22,145.3300018,145.07852421911707,142.1386718552698
2022-11-23,146.7100067,145.9967035155339,145.3484583205867
2022-11-25,148.2700043,148.25025874242567,146.73752858269208
2022-11-28,146.5099945,147.14220520565158,148.33777503399773
2022-11-30,147.6900024,146.93613490403862,146.5473223525156
2022-12-01,147.6600037,147.56747066719566,147.46840441833277
2022-12-02,146.5299988,145.98047346877365,147.577004531389
2022-12-06,141.0899963,140.98264621898625,146.51051952550785
2022-12-08,142.2799988,142.02547335396252,141.13905060096872
2022-12-09,143.3399963,143.83964682606324,142.06265754921782
2022-12-12,144.1199951,143.46448078230117,143.35072993185574
2022-12-13,144.5,145.45103556119227,144.33311541218796
2022-12-14,144.6499939,144.7248028664568,144.75756954333346
2022-12-15,141.6600037,142.15870946111028,144.58554893465688
2022-12-16,140.4299927,141.07536528660387,141.61247375789216
2022-12-19,139.6100006,139.82126041803122,140.30983677904746
2022-12-20,138.8300018,139.86496822827394,139.5344818382731
2022-12-21,137.4600067,137.36509282857486,138.86262904193686
2022-12-22,137.0,136.69937092250888,137.60747664802074
2022-12-23,137.1399994,137.0028879869891,137.0352839830037
2022-12-27,136.1600037,136.58732621177649,137.17230728569808
2022-12-28,134.1300049,135.12016691382814,136.23261634434024
2022-12-29,137.4100037,137.1429192449633,134.1886624619643
2022-12-30,136.5800018,136.6642914678066,137.350851015524
2023-01-03,138.2799988,137.7011560908344,136.67218783247912
2023-01-04,137.1900024,137.2656631168664,138.36940738489113
2023-01-05,135.5200043,135.38522480167592,137.25486078265104
2023-01-06,138.9700012,138.6577765771645,135.3758336576979
2023-01-09,139.9400024,141.11143840906834,138.90067800584012
2023-01-10,139.1399994,138.6886873551773,139.96069841398312
2023-01-11,138.8500061,138.93359092807873,139.2877046197996
2023-01-12,142.3600006,141.5423119106963,138.83712460182062
2023-01-13,140.3000031,140.22644803093033,142.14506325863476
2023-01-17,144.7700043,145.22863113791607,140.37473870456492
2023-01-18,145.5099945,146.0049234703817,144.7672183541152
2023-01-19,144.1799927,144.160068069636,145.54468827801756
2023-01-23,146.0299988,145.95431882625354,144.12396214472238
2023-01-24,146.0099945,146.57093200787978,145.98639974316004
2023-01-25,146.1499939,145.82004826669254,145.82165666496275
2023-01-26,145.4700012,145.256750787623,146.15946349564445
2023-01-27,147.1600037,147.17550425196043,145.49698688963971
2023-01-30,145.1799927,145.57900337523256,147.04835219948183
2023-01-31,147.1100006,146.63596366759094,145.2268839573658
2023-02-01,148.5800018,148.49370587073895,147.07038393761331
2023-02-02,146.6199951,145.59499716572896,148.60320455263042
2023-02-03,144.7100067,145.41213340933882,146.64997435823264
2023-02-06,143.7899933,143.5822048557082,144.72629446674367
2023-02-07,144.6399994,144.33414781591074,143.60140038065288
2023-02-08,143.8300018,144.01226103342958,144.57126878894016
2023-02-09,144.8300018,146.0693504018737,143.98548828031085
2023-02-10,143.4199982,143.09209997899944,144.9217057358967
2023-02-13,143.8600006,143.4287056268351,143.47074437608168
2023-02-14,142.6499939,142.16688812685248,143.80632388353814
2023-02-15,140.9700012,140.6181518728763,142.67111922821346
2023-02-16,142.6999969,143.1274103488234,140.93324856248745
2023-02-17,142.8500061,142.6560651376879,142.69328334627164
2023-02-21,139.1799927,139.48185360015532,142.8896898237772
2023-02-22,138.6499939,138.86375865134812,139.30997731460857
2023-02-23,138.9499969,138.7681508886186,138.59338579102007
2023-02-24,136.0500031,135.9821492230999,138.81932543976745
2023-02-27,136.25,136.37215665312897,136.1437307573163
2023-02-28,135.9199982,136.32402436406585,136.35805093739256
2023-03-01,136.5299988,137.1981638493313,135.92142676705438
2023-03-02,137.2700043,137.05066108037556,136.57230175115322
2023-03-03,139.8300018,139.51518335574434,137.41289458875931
2023-03-06,140.1300049,140.41756001996413,139.84190695529992
2023-03-07,139.0800018,139.57089497097343,140.20588403659286
2023-03-08,139.7100067,139.40842913923916,139.06787199772864
2023-03-09,138.5200043,139.21067310519464,139.58749776883676
2023-03-10,137.9700012,138.07603484960975,138.40616301392154
2023-03-13,137.1199951,137.41839947194472,137.95512452000477
2023-03-14,136.6699982,136.085090457013,137.1342150874135
2023-03-15,133.5800018,133.12872814842626,136.64195976859907
2023-03-16,135.8999939,135.4236851678017,133.64326444014208
2023-03-17,133.4799957,133.93727115819422,135.84752364316296
2023-03-20,135.1300049,135.28587230352764,133.57904302643462
2023-03-21,135.7799988,135.82344177098872,135.1678923718402
2023-03-22,135.5700073,136.9933949454596,135.89490878878715
2023-03-23,135.8699951,135.9749310411919,135.54804687584863
2023-03-28,137.9299927,138.0560257981017,135.9446102828261
2023-03-29,139.6699982,140.13361014703395,137.8345760262108
2023-03-30,139.6199951,139.77834834955945,139.69490223784112
2023-04-03,142.3399963,142.24068118050053,139.68731324734694
2023-04-05,140.4199982,140.78339622560776,142.27938959485493
2023-04-06,138.8699951,138.6376326173047,140.36491239439832
2023-04-10,138.0099945,137.46965690970518,138.7658129508905
2023-04-11,137.5899963,137.71615672081487,137.89601925405992
2023-04-12,136.4400024,136.86085071591486,137.47153259525848
2023-04-13,137.2299957,136.86890511262214,136.55280888831163
2023-04-14,135.9600067,136.37748919981817,137.2846867233646
2023-04-17,137.75,137.53073813890876,136.027948403588
2023-04-18,137.0399933,136.91047467754754,137.7601843752003
2023-04-19,135.2599945,135.11373188078522,137.11761096469382
2023-04-20,133.8000031,133.6432198454205,135.25496083436514
2023-04-21,134.6699982,133.9818496778845,133.77116483956604
2023-04-24,134.8399963,134.66292042709705,134.54379385774337
2023-04-25,133.5099945,133.98760135645728,134.92533828649874
2023-04-26,134.0200043,134.45634692583258,133.64504243277264
2023-04-27,137.5200043,137.40543994614194,134.03192173853628
2023-04-28,137.3300018,136.95790806756457,137.46263837477412
2023-05-01,136.6900024,136.9783819958193,137.4526201698013
2023-05-02,135.1600037,134.65227766186132,136.76720803145403
2023-05-03,135.5700073,135.89644019740825,135.04349252321123
2023-05-04,134.9100037,135.4227527857729,135.3605910171635
2023-05-05,137.5399933,137.2276496402609,134.9352573162359
2023-05-08,137.8099976,137.72735362167634,137.579054611998
2023-05-09,140.8500061,141.0892867753384,137.93773227996084
2023-05-10,143.5899963,143.52769433614088,140.8611069438365
2023-05-11,142.6699982,142.0517166906971,143.63357793304158
2023-05-12,143.2700043,143.70769989213608,142.6429929397443
2023-05-15,142.3999939,141.8684763848936,143.18218771045758
2023-05-16,141.1300049,141.2700870934387,142.20638085304
2023-05-17,142.0200043,141.95394902313905,141.00864363637845
2023-05-18,142.5099945,141.96459760540614,142.0041223076633
2023-05-19,142.2200012,142.10309755178616,142.51332945297904
2023-05-22,141.1900024,141.10885592245148,142.31202063686314
2023-05-23,139.5500031,139.91666767908924,141.23017493149214
2023-05-24,139.3300018,139.5005431315672,139.47365095909427
2023-05-25,139.6000061,139.5816147769736,139.26153405174165
2023-05-26,140.0800018,140.10956683591695,139.61679068825626
2023-05-30,137.7299957,138.00895347180216,140.169642050631
2023-05-31,136.1300049,135.6217073404153,137.83805452026513
2023-06-01,140.6499939,140.30300273063875,136.08127793195246
2023-06-02,146.0,146.09921134518385,140.54366359244378
2023-06-06,148.4799957,147.80403696429215,146.11747327549313
2023-06-07,145.3099976,145.8372519453299,148.79885184207046
2023-06-08,146.8600006,146.56388229111457,145.40680877506597
2023-06-09,148.6399994,148.83780607506424,146.45118385071314
2023-06-12,149.5899963,149.45964517282545,148.3391590608279
2023-06-13,158.0800018,158.44090840603434,149.60246776655632
2023-06-14,165.5700073,165.1486551502809,158.19686110226607
2023-06-15,168.1799927,167.93879872173676,165.66151562827145
2023-06-16,164.3500061,164.85993354748337,168.33539769711274
2023-06-20,157.1499939,157.62350026143667,164.25931530337877
2023-06-21,156.5,156.6607604128102,156.5265270925759
2023-06-22,157.1100006,157.41918494195681,155.86267297018037
2023-06-23,153.3800049,153.15250142977766,156.99571248055508
2023-06-26,154.5500031,154.52704378473146,153.75360318494316
2023-06-28,160.1100006,160.13971025962917,154.80305343649093
2023-06-29,160.3999939,159.96524366781915,160.1035875889298
2023-06-30,160.75,160.88147935102904,160.61613716585757
2023-07-03,160.4700012,161.0852359016344,160.95076243386092
2023-07-05,161.8999939,161.62921290682465,160.3004098291294
2023-07-06,160.8300018,160.2800117329599,161.61989757652023
2023-07-07,161.7700043,162.55676882296973,160.84961599881404
2023-07-10,160.2400055,159.97809813426954,161.73830298544704
2023-07-11,158.4199982,158.06048367752982,160.2440344542518
2023-07-12,159.2700043,159.87791143942513,158.35114556697408
2023-07-13,160.3500061,160.46859213574874,159.2332572022701
2023-07-14,159.1499939,159.3576323448363,160.34426252289458
2023-07-17,159.4499969,158.6748335182728,159.30550341470524
2023-07-18,163.1900024,163.1466860970969,159.4912272576481
2023-07-19,163.9700012,164.06595720041042,163.10700127639268
2023-07-20,163.2799988,163.03279591997813,164.04722951889207
2023-07-21,162.8099976,162.95652008480522,163.3844309393288
2023-07-24,164.5299988,164.60545482392087,162.69974467282142
2023-07-25,165.5599976,165.43920452859805,164.30964001766168
2023-07-26,165.6999969,165.62913691547533,165.57740084759604
2023-07-27,165.4299927,166.1896839714696,165.78471364325648
2023-07-28,167.1499939,167.3555639014544,165.42611045991114
2023-07-31,168.2400055,168.30459327455867,167.0314139070341
2023-08-01,171.8399963,171.69841529422638,168.22794169943924
2023-08-02,173.8500061,174.52408072863489,171.86731114696283
2023-08-03,168.5700073,167.44868693234082,173.92117106744342
2023-08-04,170.7899933,171.50970348207255,168.5711063609943
2023-08-07,173.3899994,172.7821713758048,170.5190124963294
2023-08-08,170.2899933,169.44591494648893,173.17994068729064
2023-08-09,167.2299957,167.19376305182362,170.41865753078986
2023-08-10,167.6600037,168.01675012288223,167.37863564537983
2023-08-11,167.2799988,167.06124502469027,167.38531232891026
2023-08-14,166.6999969,166.49048407916894,167.21686354545494
2023-08-15,165.3899994,165.17736864014853,166.91217719142927
2023-08-16,162.2400055,163.14254084113225,165.5114603739246
2023-08-17,162.2799988,162.9229426035398,162.20200578643673
2023-08-18,161.8699951,161.5829610400404,162.21475614644396
2023-08-21,162.7899933,162.86605435484483,161.9046703158642
2023-08-22,164.9900055,165.63533103539248,162.90915599244917
2023-08-23,165.9100037,165.7064972181031,165.1496905610552
2023-08-24,162.7799988,163.68208581781698,165.98075200858568
2023-08-25,164.4600067,164.3324498902562,162.83498684709812
2023-08-28,167.25,167.04905210770403,164.281117662105
2023-08-29,167.3899994,167.07322346885275,167.13297301796445
2023-08-30,168.0500031,168.27583299648575,167.50726112423456
2023-08-31,172.1300049,172.16157287477284,168.1827722987885
2023-09-01,172.5399933,172.48871288453364,171.98781572920785
2023-09-05,175.3699951,175.36854338317636,172.51960988103238
2023-09-06,178.8300018,178.72045217946135,175.38010038557147
2023-09-07,178.8699951,178.61337083084533,178.77029485089392
2023-09-08,177.1300049,177.2807619388867,178.78498271081432
2023-09-11,178.6699982,178.70854711362756,177.08269059309677
2023-09-12,181.2799988,181.3423308362352,178.4033351907721
2023-09-13,183.9799957,183.94454892094922,181.13199238162932
2023-09-15,189.1999969,189.5939675893536,184.08957080556368
2023-09-18,188.9600067,188.30927038835966,189.31837859195744
2023-09-19,195.0399933,195.14500816141032,188.99243315454734
2023-09-20,188.75,190.85162015732755,194.86401714515347
2023-09-21,186.3000031,186.33418700652857,188.69401754481652
2023-09-22,187.1000061,187.93693584037385,185.94847060453168
2023-09-25,184.8399963,184.3350243168773,186.85059300244225
2023-09-26,180.5,181.602345376836,184.70911990905083
2023-09-27,182.3899994,182.69025564730282,180.8172280645883
2023-09-28,182.4199982,181.8717898614908,182.3425390531205
2023-09-29,179.75,180.1069703558564,182.4500071602844
2023-10-02,178.4600067,178.31512080993406,179.98415004294336
2023-10-03,173.6499939,173.84060534739842,178.55481788973583
2023-10-04,169.4499969,169.39529214708602,173.52456757490927
2023-10-05,173.0399933,173.07210903800558,169.38708943717225
2023-10-06,173.1799927,171.5389277913137,173.02638806039946
2023-10-09,174.1199951,173.42962011126696,173.41396839853587
2023-10-10,177.1499939,176.93244503994566,174.47214469625283
2023-10-11,178.0299988,177.538709704236,177.27917730723036
2023-10-12,181.6000061,181.3863680122147,177.9435208452949
2023-10-13,177.6799927,177.93006070270184,181.6046572299094
2023-10-16,179.1000061,179.30441901141432,177.6876868282654
2023-10-17,178.2200012,179.15909368594032,178.85305113759924
2023-10-18,175.9799957,176.55036166709527,178.10720934792855
2023-10-19,174.6999969,175.27387777205212,175.89894350984414
2023-10-20,173.4799957,173.81013778927968,174.790008237527
2023-10-23,173.8099976,174.21145301665848,173.3855291236673
2023-10-24,174.1199951,174.21003065328415,173.85784723305775
2023-10-25,175.1799927,175.8835032789737,174.25272366535137
2023-10-26,171.6100006,172.2960044889383,175.27480027649563
2023-10-27,172.8099976,173.27181902450008,171.70711053384332
2023-10-30,171.3999939,171.52187066992065,172.69358553851478
2023-10-31,175.1799927,174.6544866493894,171.37086249828158
2023-11-01,185.7799988,185.0197882350284,175.16657082396517
2023-11-02,186.5500031,185.22097782570967,185.96542232172922
2023-11-03,189.5899963,189.3699835554773,186.84124595838426
2023-11-06,189.6499939,189.63275403688937,189.66361316871604
2023-11-07,189.5700073,188.69658811519582,189.31720799676856
2023-11-08,183.4199982,183.4678466379595,189.07887495075113
2023-11-09,184.2200012,184.99258028471695,183.3394299496097
2023-11-10,187.0,185.6865014675875,183.9037902115736
2023-11-13,187.7400055,187.2290272126143,186.95843309016942
2023-11-14,192.0800018,191.17034259059164,187.9636225987611
2023-11-15,189.1100006,190.02489620011949,192.37543688320838
2023-11-16,190.3999939,190.16777325178464,189.14563231264987
2023-11-17,193.3600006,193.04067224833364,190.2007135397366
2023-11-20,187.6799927,187.48520239929076,193.2233947211164
2023-11-21,183.2100067,182.7174022070359,187.6593543916617
2023-11-22,184.2299957,183.93639776609234,183.20998140144732
2023-11-24,188.3000031,188.07039213009682,183.92900240040098
2023-11-27,186.6100006,186.76456720958157,188.2639538619533
2023-11-28,187.1600037,186.98750616933296,187.1069428553848
2023-11-29,189.5099945,190.22392421531515,187.33228795640787
2023-11-30,189.7799988,189.6010464401703,189.35935891668717
2023-12-01,192.7400055,192.0827764433426,189.69386609557552
2023-12-04,187.3699951,188.02327221660124,192.82053112728832
2023-12-05,187.9900055,188.55131151467123,187.39654197603122
2023-12-06,189.8899994,191.35018654063674,187.7482754784398
2023-12-07,190.2400055,188.89702689154342,189.77415421278275
2023-12-08,187.2799988,186.87936568121722,190.2786181963417
2023-12-11,187.0800018,187.13296895459644,187.55723164139206
2023-12-12,184.8000031,184.60111095157447,186.93043505770592
2023-12-13,185.4799957,185.10821888869282,184.68286719725535
2023-12-14,183.4199982,183.96827348716278,185.46473722866887
2023-12-15,180.6199951,181.41249070417302,183.5732947483005
2023-12-18,183.2799988,183.41098362445223,180.64360835441167
2023-12-19,183.9499969,184.3838702060952,183.26736264186724
2023-12-20,179.9400024,181.68874811830688,184.0117206169062
2023-12-21,180.8600006,180.57321029917534,180.15898457502848
2023-12-22,178.5299988,178.93984747158112,180.82350253698755
2023-12-26,179.8500061,179.96809767296844,178.39178816822982
2023-12-28,181.1100006,181.48598792268007,179.84865152977773
2023-12-29,183.3800049,183.1636595682201,181.28949265056698
2024-01-02,181.3699951,182.02755128327607,183.42499001222578
2024-01-03,181.5500031,181.5705729410563,181.5305193311271
2024-01-04,182.9700012,183.6981834173618,181.4218518987709
2024-01-05,187.0700073,187.87274238962766,182.8407594508119
2024-01-08,187.8899994,187.25600789590067,187.0309421990891
2024-01-09,185.9900055,185.74239697835037,188.10011948482628
2024-01-10,192.7200012,191.90949373600057,186.0129954075775
2024-01-11,194.9499969,195.13947106349428,192.48427342931598
2024-01-16,195.6000061,195.67081935862564,194.89538028197939
2024-01-17,194.1399994,193.9729749347553,195.71739610720812
2024-01-18,200.0800018,199.27790665111553,194.1176002509621
2024-01-19,200.6699982,199.6752790087565,199.65065216796725
2024-01-22,201.4199982,201.1939733759607,200.69686771458223
2024-01-23,201.3999939,201.70250677567293,201.48386434751933
2024-01-24,200.7200012,201.13277446739852,201.3579616449397
2024-01-25,199.5599976,199.2490620049768,200.43473577316138
2024-01-26,198.0599976,197.86642279233797,199.5014324508027
2024-01-29,201.6600037,200.95344608433163,197.99462009072855
2024-01-30,201.8500061,201.949052154691,201.6104217686546
2024-01-31,199.6999969,200.20326798839636,201.99352142559874
2024-02-01,202.1799927,201.38761606254548,199.83308475274418
2024-02-02,202.5399933,202.00141488500543,202.10036676886548
2024-02-05,203.0299988,202.35654824044036,202.4140973437727
2024-02-06,218.8600006,219.664523158179,203.0981358951329
2024-02-07,223.0500031,222.6067598554672,218.85092614974278
2024-02-08,226.3099976,225.099298873559,223.34057046052428
2024-02-09,224.4600067,224.78691292184038,226.5100945443733
2024-02-12,225.8600006,226.01847833819488,224.20478856901119
2024-02-13,231.0,231.30269741138648,224.98697908385242
2024-02-14,227.0299988,225.8218825790455,230.7278354713043
2024-02-15,228.5399933,228.08852724143452,227.08725147375566
2024-02-16,227.3600006,227.51553393080945,228.52241145340133
2024-02-20,226.7700043,226.7373980582957,227.19003527297676
2024-02-21,227.0899963,226.5466708790329,226.60130228353538
2024-02-22,234.4499969,234.10576608037843,227.21565433209219
2024-02-23,235.0,235.10667648999373,234.37719390707213
2024-02-26,238.1300049,237.76273414315614,235.26948020223912
2024-02-27,238.0399933,237.5461904629459,238.21152436255616
2024-02-28,237.2899933,237.44532646752742,237.946093334735
2024-02-29,240.5500031,240.57695123203467,236.956409227443
2024-03-01,246.0399933,246.0467626628879,240.41675676735977
2024-03-04,243.8399963,243.9627868464039,245.95263778304863
2024-03-05,248.1900024,248.84345893572697,244.04693928553945
2024-03-06,252.3999939,252.2689136391886,248.11628859737513
2024-03-07,247.9400024,246.91999684663443,252.20204030538866
2024-03-08,242.8200073,243.89312345170038,247.9009349857891
2024-03-11,235.4600067,235.80261063234497,242.7596895297513
2024-03-12,237.9499969,237.10787063500726,235.0152196761371
2024-03-13,232.8300018,232.04634322428893,237.60085157885985
2024-03-14,230.9700012,231.2095316753331,233.18828509241982
2024-03-15,234.6199951,234.07725944695744,231.2696517153324
2024-03-18,238.6600037,238.32441502602234,234.8018562870946
2024-03-19,244.3200073,244.36572228861888,238.72616330632468
2024-03-20,246.7200012,246.06106325904557,244.71879843092552
2024-03-21,251.4799957,250.8456548012732,246.90022624918308
2024-03-22,254.7700043,254.15396039100216,251.30539975250755
2024-03-25,252.4100037,252.35263451953097,254.58398408644547
2024-03-26,253.7200012,254.21149125462284,252.2264840031532
2024-03-27,252.1499939,251.67886530870783,253.45442473961816
2024-04-01,242.1499939,240.98253571445855,251.8732824297688
2024-04-02,239.8899994,239.21785916127226,242.06100060517522
2024-04-03,241.7799988,241.80204020559023,239.69666340012563
2024-04-04,239.1600037,240.5795281988248,241.60302577757173
2024-04-05,240.7400055,240.9049949981317,239.50795874096045
2024-04-08,244.2100067,245.2431072723066,241.200882109948
2024-04-09,246.9299927,246.76800082641518,244.2796250215614
2024-04-11,246.9900055,245.54586079604422,246.99606597962932
2024-04-12,242.9700012,243.49869938991912,247.17932594611366
2024-04-15,241.6699982,242.85931423997908,242.8573930854943
2024-04-16,236.5200043,235.95108792233162,241.3408231520481
2024-04-17,233.9700012,234.0000586249957,236.3449687459499
2024-04-18,231.8399963,232.56431131810882,233.92002194303717
2024-04-19,228.7200012,228.21222368285572,231.95767919804086
2024-04-22,230.3000031,230.29505273406988,228.83456007338256
2024-04-23,230.4100037,229.88705582937365,230.4923628177889
2024-04-24,232.8800049,233.0022667303221,230.59625839331557
2024-04-25,225.3600006,224.51432796909353,233.0569968683943
2024-04-26,226.7100067,226.23448845933564,225.57225641287354
2024-04-29,227.9400024,227.74913523375608,226.44261750139938
2024-04-30,227.3099976,227.8372001422531,227.84825473532777
2024-05-01,226.8300018,227.46439063891472,227.41308598574327
2024-05-02,230.8000031,230.49178524583897,227.14890206804122
2024-05-03,232.8699951,232.55328822858843,230.67238500508824
2024-05-06,235.6000061,235.18239559264288,232.9212838461426
2024-05-07,231.2599945,231.5760919330932,235.7172639545798
2024-05-09,227.2400055,227.3466936972335,231.30184209331412
2024-05-10,218.7799988,219.0490450277345,226.92717907363385
2024-05-13,215.6399994,215.837283658989,218.5124783644597
2024-05-14,217.1199951,217.14948845617198,215.36185043105363
2024-05-15,219.5500031,219.27542728308703,217.2562322750654
2024-05-16,215.6300049,216.09964583409254,219.9376454052054
2024-05-17,219.7599945,219.7002257869466,216.19663885415656
2024-05-21,219.3600006,219.84499474772514,219.76918896014138
2024-05-22,216.6300049,216.71247554310003,219.31659259153122
2024-05-23,214.7200012,215.39282751925987,216.64001155947747
2024-05-24,216.8399963,216.69309447358341,214.7412379060595
2024-05-28,218.7200012,218.2721392537719,216.57077784627694
2024-05-29,213.9499969,214.1921369997733,218.83526759795438
2024-05-30,214.1699982,214.43374203380625,214.2120459609118
2024-05-31,217.5099945,216.40440533460725,214.09616010897886
2024-06-03,212.1699982,212.4742556351511,217.31926367405947
2024-06-04,210.3800049,210.5671492888036,212.30684016468646
2024-06-05,208.3300018,207.22651923069066,210.48995352321714
2024-06-06,210.0399933,210.41502067392707,208.1599719744439
2024-06-07,206.3600006,207.22649672726544,209.92698276432728
2024-06-10,208.0200043,208.2012430308278,206.6990925570319
2024-06-11,205.3099976,205.46027759430518,208.05801361804424
2024-06-12,205.6499939,206.12697826316992,205.39467849503737
2024-06-13,199.3500061,198.88393707135356,205.59201514885277
2024-06-14,197.1300049,196.7485837865056,199.5006106476228
2024-06-17,195.1999969,195.14277578225443,196.95510830578223
2024-06-18,194.1399994,194.2299926819739,195.21698854466092
2024-06-20,194.5399933,194.08027697552689,194.20256377723732
2024-06-21,193.5800018,193.85346626609407,194.8418957901301
2024-06-24,198.9799957,198.8494125319756,193.73550506327845
2024-06-25,206.2200012,206.10725082889456,199.04868208216394
2024-06-26,203.1799927,203.23501073788816,206.36787039976014
2024-06-27,203.8800049,204.55465289129387,203.43732825182911
2024-06-28,204.9700012,205.53121886782424,203.77465210584893
2024-07-01,203.7100067,203.91725893048903,204.53864967888043
2024-07-02,206.2100067,205.7604314894843,203.4789660201924
2024-07-03,206.25,205.70230548530088,206.30098053074911
2024-07-05,206.4499969,205.62603169934482,206.249511616184
2024-07-08,204.9400024,205.15120662251513,206.44800005627903
2024-07-10,205.8800049,205.23261080916728,204.9545649876179
2024-07-11,203.7299957,204.4401712185824,205.7175410069001
2024-07-12,207.5899963,207.9936291885278,203.7462871312183
2024-07-15,206.9100037,207.17704952802484,207.54733257917647
2024-07-16,206.6000061,206.27808070471622,207.0501531705514
2024-07-17,204.3899994,204.03955676621752,206.6192399491095
2024-07-18,199.8500061,200.45098239580875,204.39874299946584
2024-07-19,197.1499939,197.6695446837673,199.6408973003037
2024-07-22,200.1399994,199.42116352106393,197.05970425554602
2024-07-23,200.7899933,200.96504731677788,200.08175280919733
2024-07-24,197.1999969,197.8526689673668,201.0548320665371
2024-07-25,195.25,194.79520708131213,197.53399938088745
2024-07-26,192.5200043,192.2232045941954,195.22514746191786
2024-07-29,192.4799957,192.29891501329683,192.29383818061785
2024-07-31,193.5500031,193.82389135258325,192.44173371904475
2024-08-01,179.0700073,181.90976631880574,193.7360962036199
2024-08-02,173.0200043,172.29377552086305,179.31733977197408
2024-08-05,168.3500061,167.54988359426073,172.7915070577872
2024-08-06,169.6000061,168.73769771018272,168.06568214009695
2024-08-07,167.1799927,169.16809984557722,169.69983561473052
2024-08-08,169.3699951,168.78586141714953,168.0086804487502
2024-08-09,168.5899963,168.52982345835312,169.6972756993429
2024-08-12,167.9700012,168.4235938470879,168.82499535001426
2024-08-13,172.3899994,172.12153742686485,167.9658598939116
2024-08-14,177.0099945,177.04552986790787,172.41125470349172
2024-08-16,182.6699982,182.86611916673257,177.01925431486094
2024-08-19,183.6999969,183.16287639263186,182.8575918911451
2024-08-20,181.3399963,182.212358945819,183.81482155399047
2024-08-21,183.6199951,183.3611623738389,181.10996558364246
2024-08-22,181.5,182.1639565974741,183.20634971990404
2024-08-23,185.0899963,185.1664464752301,181.26144182485385
2024-08-26,180.5700073,181.34784655817765,185.04056896031943
2024-08-27,185.75,186.0674177462023,180.72940349928044
2024-08-29,187.7700043,188.37629353345392,185.57447268514326
2024-08-30,189.8000031,189.36689961813465,187.88285096268112
2024-09-03,186.1499939,187.72970457769372,189.82234306652185
2024-09-04,184.7100067,185.28643574363275,186.33225102415267
2024-09-05,182.8000031,182.5444671970967,184.34289758076955
2024-09-06,177.1799927,178.4196026972586,182.59772133228196
2024-09-09,176.0800018,176.05074401824015,177.12907372157534
2024-09-10,174.1799927,173.3537991038262,176.12178560239968
2024-09-11,174.6900024,173.0023407864382,174.22449755372145
2024-09-12,176.1799927,175.96061615338925,174.8461432017318
2024-09-13,175.3899994,175.82438882767894,176.46223953736563
2024-09-16,176.2299957,175.95843112452093,175.53362098951035
2024-09-17,173.1499939,173.37525223540348,176.29489567651584
2024-09-18,176.7100067,177.91792708631738,173.12177299123073
2024-09-19,183.4700012,183.68254604461083,176.56518812928138
2024-09-20,184.0700073,183.40590919679886,183.52988657004477
2024-09-24,183.5299988,184.48589305005135,184.31109486091515
2024-09-25,184.1600037,184.28938034938312,183.6674083218943
2024-09-26,189.3600006,189.9782948843793,183.82442205482795
2024-09-27,182.8200073,183.1291324471698,189.01701770919556
2024-09-30,178.5700073,178.27367950188932,182.9794581256644
2024-10-01,178.0599976,177.77499667834496,178.4643231686475
2024-10-02,180.5,179.94370297032447,177.7445245854199
2024-10-03,176.1699982,175.8337061297309,180.34536241378066
2024-10-04,180.0200043,179.79522696270607,176.65737296357273
2024-10-07,177.3200073,177.45899999208302,180.11738058298417
2024-10-08,175.7599945,175.95269803388845,177.36948506366454
2024-10-09,173.9900055,173.28282685322483,175.70895593656917
2024-10-10,174.3500061,174.14669266464358,174.0494847268195
2024-10-11,174.0599976,173.81245271326952,174.16783908991653
2024-10-15,169.5500031,170.05464460839136,174.21984355966984
2024-10-16,171.5,171.40613030818213,169.67916726593543
2024-10-17,171.1999969,171.73362571182327,171.44168352427496
2024-10-18,171.5299988,171.16480170567417,171.2073012605538
2024-10-22,169.9299927,169.94035400616576,171.65335294849854
2024-10-23,171.3300018,171.10011431536014,170.111694473831
2024-10-24,170.4299927,170.41849283195745,171.19786693774446
2024-10-25,172.0,172.53919088632443,170.4655999767679
2024-10-28,176.6300049,176.3543139679432,172.0011058419608
2024-10-29,176.0299988,176.39771603003953,176.68831549439264
2024-10-30,175.2100067,175.5576636341712,176.12587216731478
2024-10-31,173.0200043,172.9031913356502,175.24145844224142
2024-11-01,172.8300018,173.1758369449459,172.82224756094925
2024-11-04,172.6999969,173.1893993621946,172.55990604246642
2024-11-05,174.7299957,174.16450239805857,172.72470186630105
2024-11-06,175.1499939,173.56649941351998,174.80486140325604
2024-11-08,172.0299988,172.69579191445058,175.3099696198075
2024-11-11,174.1000061,174.30338325726728,172.08366137712179
2024-11-12,174.9900055,175.12621952846035,173.96904467366994
2024-11-13,172.3500061,172.06149773015665,174.91154198353232
2024-11-14,173.4799957,174.1636369063226,172.45442891877767
2024-11-15,172.8399963,172.44901904931186,173.51023483239547
2024-11-18,174.7799988,175.10351614403066,172.73397434958542
2024-11-19,175.3899994,175.7498314195608,174.78176442620176
2024-11-20,172.9100037,172.69478871022045,175.53350617401298
2024-11-21,173.3800049,173.94717987718326,172.91467920117958
2024-11-22,174.3999939,174.26985019566933,173.3011848855287
2024-11-26,172.5200043,172.74858262125463,174.28255472706178
2024-11-27,169.7200012,169.61514463439357,172.58794424932003
2024-11-29,170.6300049,170.17791982871216,169.79580542194898
2024-12-02,175.8099976,175.42511118547492,170.48899829226147
2024-12-03,176.0,175.94429460370623,175.78405447533754
2024-12-04,174.7799988,174.8309602673882,176.30031150170777
2024-12-05,174.3999939,175.18981124170114,174.94396174510914
2024-12-06,175.9499969,175.74809881252372,174.20832947315117
2024-12-09,177.0099945,178.0193897947134,175.6741014508957
2024-12-10,175.7100067,176.08467847213262,177.06336983414806
2024-12-11,178.1499939,177.61127698461462,175.82346157117811
2024-12-12,176.8999939,177.64637965959622,178.09488975905143
2024-12-13,175.8600006,175.4455531383282,176.86382408316868
2024-12-16,174.25,174.36915457348135,175.8302537251355
2024-12-17,173.2799988,173.9838431436542,174.2240597900862
2024-12-18,173.6199951,176.2591526546645,173.14557399865245
2024-12-19,174.2100067,174.82598285703438,173.6618548088024
2024-12-20,178.1699982,179.0552268816811,174.2947450541656
2024-12-23,180.4499969,179.4881192255155,178.26953155724212
2024-12-24,181.4299927,181.4321577206287,180.59036403826374
2024-12-26,197.3600006,195.59568138143982,181.49029909363946
2024-12-27,199.5200043,199.32915610758914,197.21619463970407
